id,product_name,desc,minimum,price_per_unit_sale,QOH
1,"Custom Print","3d print",1,1,1
1161,"risus. Nulla","Maecenas libero",6,1,26
3030,"pharetra nibh.","risus. Donec egestas.",7,1,19
3751,"sit amet","urna, nec luctus",3,1,8
19863,"quis urna.","vel, vulputate",2,1,12
23466,"magna. Phasellus",fames,1,1,28
23753,"molestie arcu.","est. Mauris eu",2,2,17
28956,"sit amet,","ipsum. Suspendisse non",6,1,9
37594,"Aliquam fringilla","lobortis risus. In",6,1,5
53077,"eget mollis","in consectetuer",5,0,20
61758,"velit dui,","at, velit. Cras",1,1,3
